Model,CV AUC Mean,CV AUC Std
Gradient Boosting,0.5092067879535014,0.01834898799296157
Decision Tree (CART),0.5035596305534955,0.014994428650730238
AdaBoost,0.5020234804634454,0.019002417187588275
ANN (MLP),0.4993956525507796,0.014432909144714064
Random Forest,0.497948107983165,0.022512078080511908
Logistic Regression,0.49472363744931674,0.019144745101592635
KNN,0.4917890610703933,0.015312006040418463
