Model,Accuracy,Balanced Accuracy,Precision,Recall,F1-Score,AUC
KNN,0.421,0.5132648536801655,0.21064814814814814,0.6691176470588235,0.3204225352112676,0.5114173810227608
Logistic Regression,0.5075,0.491951177455907,0.19853709508881923,0.46568627450980393,0.2783882783882784,0.5051806212434723
ANN (MLP),0.6635,0.5033562419942852,0.2087912087912088,0.23284313725490197,0.220162224797219,0.5094806138535817
Decision Tree (CART),0.772,0.502241600157651,0.22093023255813954,0.04656862745098039,0.07692307692307693,0.494797824908858
AdaBoost,0.796,0.5,0.0,0.0,0.0,0.515701208247118
Gradient Boosting,0.7955,0.4996859296482412,0.0,0.0,0.0,0.5155233890038426
Random Forest,0.796,0.5,0.0,0.0,0.0,0.5154140802049463
